id,claim,state,source,revision_or_date,boundary,public_owner
nvidia-contributor,"NVIDIA PAIR open-source contributor",VERIFIED,https://github.com/NVIDIA/Personal-AI-Router/pull/62,2026-09-23,"Accepted open-source contribution; no employment sponsorship or commercial partnership implied",app/data/achievements.ts
nvidia-merge,"PR 62 merged on September 23 2026",VERIFIED,https://github.com/NVIDIA/Personal-AI-Router/commit/afdf9977c4c15029523aa4e1f965b2f8cc0e559c,afdf9977c4c15029523aa4e1f965b2f8cc0e559c,"GitHub merge record; upstream tests not rerun in the website repository",app/data/achievements.ts
nvidia-change,"Trust-change notifications follow successfully persisted endorsement changes",VERIFIED,https://github.com/NVIDIA/Personal-AI-Router/pull/62,afdf9977c4c15029523aa4e1f965b2f8cc0e559c,"Accepted patch scope only; no certificate or admission-validation redesign claimed",app/data/achievements.ts
teknium-highlight,"Teknium highlighted the RecursiveIntell-enhanced Hermes demonstration",OBSERVED,https://x.com/Teknium/status/2084892532392276364,2026,"Original interaction retained; direct X rendering is access dependent; not a testimonial or endorsement",app/data/achievements.ts
teknium-repeat,"Teknium later reposted Josh's work again",OBSERVED,https://x.com/Teknium/reposts,2026,"User report and indexed public repost context; no independently established exact repost timestamp",app/data/achievements.ts
ares-update,"Ares grew from Josh's downstream Hermes work",OBSERVED,https://x.com/RecursiveIntell/status/2103666075531374877,2026-09-26,"Public work update supports project continuity; social attention does not establish technical quality or customer adoption",app/data/achievements.ts
ares-lifecycle,"Isolated launcher immutable releases atomic runtime selection doctor/status rollback and opt-in integrations",VERIFIED,https://github.com/RecursiveIntell/Ares/tree/fadd47d7330445969cd99863e736c9b5dbfced54,fadd47d7330445969cd99863e736c9b5dbfced54,"Source reviewed October 1 2026; runtime matrix and installed activation not reproduced; independent downstream distribution",app/data/work.ts
historical-cases,"September Ares case remains dated historical evidence",OBSERVED,https://recursiveintell.com/work/ares-runtime-case,2026-09,"Preserved historical case; not promoted to current source or deployment certification",app/josh/page.tsx
brand-sculpture,"Recursive aperture sculpture",PROPOSED,public/brand/recursive-aperture-sculpture.png,2026-10,"Conceptual generated brand artwork; not a product photograph or exact architecture diagram",app/components/Studio.tsx
